--------------------------------------------------------
--  File created - Ïîíåäåëíèê-Ìàðò-16-2015   
--------------------------------------------------------
--------------------------------------------------------
--  DDL for Table MEASURES
--------------------------------------------------------

  CREATE TABLE "GABY"."MEASURES" 
   (	"ID" NUMBER(*,0), 
	"NAME" VARCHAR2(50 BYTE)
   ) SEGMENT CREATION IMMEDIATE 
  PCTFREE 10 PCTUSED 40 INITRANS 1 MAXTRANS 255 NOCOMPRESS LOGGING
  STORAGE(INITIAL 65536 NEXT 1048576 MINEXTENTS 1 MAXEXTENTS 2147483645
  PCTINCREASE 0 FREELISTS 1 FREELIST GROUPS 1 BUFFER_POOL DEFAULT FLASH_CACHE DEFAULT CELL_FLASH_CACHE DEFAULT)
  TABLESPACE "SYSTEM" ;
--------------------------------------------------------
--  DDL for Table PRICES
--------------------------------------------------------

  CREATE TABLE "GABY"."PRICES" 
   (	"SUPERMARKET_ID" NUMBER(*,0), 
	"PRODUCT_ID" NUMBER(*,0), 
	"PRICE_VALUE" NUMBER(5,2)
   ) SEGMENT CREATION IMMEDIATE 
  PCTFREE 10 PCTUSED 40 INITRANS 1 MAXTRANS 255 NOCOMPRESS LOGGING
  STORAGE(INITIAL 65536 NEXT 1048576 MINEXTENTS 1 MAXEXTENTS 2147483645
  PCTINCREASE 0 FREELISTS 1 FREELIST GROUPS 1 BUFFER_POOL DEFAULT FLASH_CACHE DEFAULT CELL_FLASH_CACHE DEFAULT)
  TABLESPACE "SYSTEM" ;
--------------------------------------------------------
--  DDL for Table PRODUCTS
--------------------------------------------------------

  CREATE TABLE "GABY"."PRODUCTS" 
   (	"ID" NUMBER(*,0), 
	"NAME" VARCHAR2(50 BYTE), 
	"VENDOR_ID" NUMBER(*,0), 
	"MEASURE_ID" NUMBER(*,0)
   ) SEGMENT CREATION IMMEDIATE 
  PCTFREE 10 PCTUSED 40 INITRANS 1 MAXTRANS 255 NOCOMPRESS LOGGING
  STORAGE(INITIAL 65536 NEXT 1048576 MINEXTENTS 1 MAXEXTENTS 2147483645
  PCTINCREASE 0 FREELISTS 1 FREELIST GROUPS 1 BUFFER_POOL DEFAULT FLASH_CACHE DEFAULT CELL_FLASH_CACHE DEFAULT)
  TABLESPACE "SYSTEM" ;
--------------------------------------------------------
--  DDL for Table SUPERMARKETS
--------------------------------------------------------

  CREATE TABLE "GABY"."SUPERMARKETS" 
   (	"ID" NUMBER(*,0), 
	"LOCATION" VARCHAR2(50 BYTE)
   ) SEGMENT CREATION IMMEDIATE 
  PCTFREE 10 PCTUSED 40 INITRANS 1 MAXTRANS 255 NOCOMPRESS LOGGING
  STORAGE(INITIAL 65536 NEXT 1048576 MINEXTENTS 1 MAXEXTENTS 2147483645
  PCTINCREASE 0 FREELISTS 1 FREELIST GROUPS 1 BUFFER_POOL DEFAULT FLASH_CACHE DEFAULT CELL_FLASH_CACHE DEFAULT)
  TABLESPACE "SYSTEM" ;
--------------------------------------------------------
--  DDL for Table VENDORS
--------------------------------------------------------

  CREATE TABLE "GABY"."VENDORS" 
   (	"ID" NUMBER(*,0), 
	"NAME" VARCHAR2(100 BYTE)
   ) SEGMENT CREATION IMMEDIATE 
  PCTFREE 10 PCTUSED 40 INITRANS 1 MAXTRANS 255 NOCOMPRESS LOGGING
  STORAGE(INITIAL 65536 NEXT 1048576 MINEXTENTS 1 MAXEXTENTS 2147483645
  PCTINCREASE 0 FREELISTS 1 FREELIST GROUPS 1 BUFFER_POOL DEFAULT FLASH_CACHE DEFAULT CELL_FLASH_CACHE DEFAULT)
  TABLESPACE "SYSTEM" ;
REM INSERTING into GABY.MEASURES
SET DEFINE OFF;
Insert into GABY.MEASURES (ID,NAME) values (1,'liters');
Insert into GABY.MEASURES (ID,NAME) values (2,'grams');
Insert into GABY.MEASURES (ID,NAME) values (3,'kilograms');
Insert into GABY.MEASURES (ID,NAME) values (4,'milliliters');
REM INSERTING into GABY.PRICES
SET DEFINE OFF;
Insert into GABY.PRICES (SUPERMARKET_ID,PRODUCT_ID,PRICE_VALUE) values (1,1,0.92);
Insert into GABY.PRICES (SUPERMARKET_ID,PRODUCT_ID,PRICE_VALUE) values (2,1,1);
Insert into GABY.PRICES (SUPERMARKET_ID,PRODUCT_ID,PRICE_VALUE) values (2,2,8.5);
Insert into GABY.PRICES (SUPERMARKET_ID,PRODUCT_ID,PRICE_VALUE) values (3,2,7.8);
Insert into GABY.PRICES (SUPERMARKET_ID,PRODUCT_ID,PRICE_VALUE) values (1,3,1.2);
Insert into GABY.PRICES (SUPERMARKET_ID,PRODUCT_ID,PRICE_VALUE) values (1,4,2.9);
Insert into GABY.PRICES (SUPERMARKET_ID,PRODUCT_ID,PRICE_VALUE) values (3,4,2.85);
REM INSERTING into GABY.PRODUCTS
SET DEFINE OFF;
Insert into GABY.PRODUCTS (ID,NAME,VENDOR_ID,MEASURE_ID) values (1,'Beer “Zagorka',2,1);
Insert into GABY.PRODUCTS (ID,NAME,VENDOR_ID,MEASURE_ID) values (2,'Vodka “Targovishte',3,1);
Insert into GABY.PRODUCTS (ID,NAME,VENDOR_ID,MEASURE_ID) values (3,'Beer "Beck’s',2,1);
Insert into GABY.PRODUCTS (ID,NAME,VENDOR_ID,MEASURE_ID) values (4,'Chocolate "Milka"',1,2);
REM INSERTING into GABY.SUPERMARKETS
SET DEFINE OFF;
Insert into GABY.SUPERMARKETS (ID,LOCATION) values (1,'Supermarket “Kaspichan – Center”');
Insert into GABY.SUPERMARKETS (ID,LOCATION) values (2,'Supermarket “Bourgas – Plaza”');
Insert into GABY.SUPERMARKETS (ID,LOCATION) values (3,'Supermarket “Bay Ivan” – Zmeyovo');
Insert into GABY.SUPERMARKETS (ID,LOCATION) values (4,'Supermarket “Plovdiv – Stolipinovo”');
REM INSERTING into GABY.VENDORS
SET DEFINE OFF;
Insert into GABY.VENDORS (ID,NAME) values (1,'Nestle Sofia Corp.');
Insert into GABY.VENDORS (ID,NAME) values (2,'Zagorka Corp.');
Insert into GABY.VENDORS (ID,NAME) values (3,'Targovishte Bottling Company Ltd.');
Insert into GABY.VENDORS (ID,NAME) values (4,'Ivena Comers-GD');
Insert into GABY.VENDORS (ID,NAME) values (5,'Daris Honey Trading');
Insert into GABY.VENDORS (ID,NAME) values (6,'Max Medica');
Insert into GABY.VENDORS (ID,NAME) values (7,'Frut Corect');
Insert into GABY.VENDORS (ID,NAME) values (8,'Vantea');
Insert into GABY.VENDORS (ID,NAME) values (9,'Sams97');
Insert into GABY.VENDORS (ID,NAME) values (10,'RelexEp');
Insert into GABY.VENDORS (ID,NAME) values (11,'Avis');
Insert into GABY.VENDORS (ID,NAME) values (12,'AquaTrade');
Insert into GABY.VENDORS (ID,NAME) values (13,'Elixir');
Insert into GABY.VENDORS (ID,NAME) values (14,'E-bakalia');
Insert into GABY.VENDORS (ID,NAME) values (15,'Radex');
Insert into GABY.VENDORS (ID,NAME) values (16,'Dovex');
Insert into GABY.VENDORS (ID,NAME) values (17,'VSDrinks');
Insert into GABY.VENDORS (ID,NAME) values (18,'Toby Ltd.');
Insert into GABY.VENDORS (ID,NAME) values (19,'Brevis');
Insert into GABY.VENDORS (ID,NAME) values (20,'Seva Ltd.');
--------------------------------------------------------
--  DDL for Index PRICES_PK
--------------------------------------------------------

  CREATE UNIQUE INDEX "GABY"."PRICES_PK" ON "GABY"."PRICES" ("SUPERMARKET_ID", "PRODUCT_ID") 
  PCTFREE 10 INITRANS 2 MAXTRANS 255 
  STORAGE(INITIAL 65536 NEXT 1048576 MINEXTENTS 1 MAXEXTENTS 2147483645
  PCTINCREASE 0 FREELISTS 1 FREELIST GROUPS 1 BUFFER_POOL DEFAULT FLASH_CACHE DEFAULT CELL_FLASH_CACHE DEFAULT)
  TABLESPACE "SYSTEM" ;
--------------------------------------------------------
--  DDL for Index MEASURES_PK
--------------------------------------------------------

  CREATE UNIQUE INDEX "GABY"."MEASURES_PK" ON "GABY"."MEASURES" ("ID") 
  PCTFREE 10 INITRANS 2 MAXTRANS 255 
  STORAGE(INITIAL 65536 NEXT 1048576 MINEXTENTS 1 MAXEXTENTS 2147483645
  PCTINCREASE 0 FREELISTS 1 FREELIST GROUPS 1 BUFFER_POOL DEFAULT FLASH_CACHE DEFAULT CELL_FLASH_CACHE DEFAULT)
  TABLESPACE "SYSTEM" ;
--------------------------------------------------------
--  DDL for Index VENDORS_PK
--------------------------------------------------------

  CREATE UNIQUE INDEX "GABY"."VENDORS_PK" ON "GABY"."VENDORS" ("ID") 
  PCTFREE 10 INITRANS 2 MAXTRANS 255 
  STORAGE(INITIAL 65536 NEXT 1048576 MINEXTENTS 1 MAXEXTENTS 2147483645
  PCTINCREASE 0 FREELISTS 1 FREELIST GROUPS 1 BUFFER_POOL DEFAULT FLASH_CACHE DEFAULT CELL_FLASH_CACHE DEFAULT)
  TABLESPACE "SYSTEM" ;
--------------------------------------------------------
--  DDL for Index PRODUCTS_PK
--------------------------------------------------------

  CREATE UNIQUE INDEX "GABY"."PRODUCTS_PK" ON "GABY"."PRODUCTS" ("ID") 
  PCTFREE 10 INITRANS 2 MAXTRANS 255 
  STORAGE(INITIAL 65536 NEXT 1048576 MINEXTENTS 1 MAXEXTENTS 2147483645
  PCTINCREASE 0 FREELISTS 1 FREELIST GROUPS 1 BUFFER_POOL DEFAULT FLASH_CACHE DEFAULT CELL_FLASH_CACHE DEFAULT)
  TABLESPACE "SYSTEM" ;
--------------------------------------------------------
--  DDL for Index SUPERMARKETS_PK
--------------------------------------------------------

  CREATE UNIQUE INDEX "GABY"."SUPERMARKETS_PK" ON "GABY"."SUPERMARKETS" ("ID") 
  PCTFREE 10 INITRANS 2 MAXTRANS 255 
  STORAGE(INITIAL 65536 NEXT 1048576 MINEXTENTS 1 MAXEXTENTS 2147483645
  PCTINCREASE 0 FREELISTS 1 FREELIST GROUPS 1 BUFFER_POOL DEFAULT FLASH_CACHE DEFAULT CELL_FLASH_CACHE DEFAULT)
  TABLESPACE "SYSTEM" ;
--------------------------------------------------------
--  Constraints for Table SUPERMARKETS
--------------------------------------------------------

  ALTER TABLE "GABY"."SUPERMARKETS" ADD CONSTRAINT "SUPERMARKETS_PK" PRIMARY KEY ("ID")
  USING INDEX PCTFREE 10 INITRANS 2 MAXTRANS 255 
  STORAGE(INITIAL 65536 NEXT 1048576 MINEXTENTS 1 MAXEXTENTS 2147483645
  PCTINCREASE 0 FREELISTS 1 FREELIST GROUPS 1 BUFFER_POOL DEFAULT FLASH_CACHE DEFAULT CELL_FLASH_CACHE DEFAULT)
  TABLESPACE "SYSTEM"  ENABLE;
  ALTER TABLE "GABY"."SUPERMARKETS" MODIFY ("ID" NOT NULL ENABLE);
--------------------------------------------------------
--  Constraints for Table MEASURES
--------------------------------------------------------

  ALTER TABLE "GABY"."MEASURES" ADD CONSTRAINT "MEASURES_PK" PRIMARY KEY ("ID")
  USING INDEX PCTFREE 10 INITRANS 2 MAXTRANS 255 
  STORAGE(INITIAL 65536 NEXT 1048576 MINEXTENTS 1 MAXEXTENTS 2147483645
  PCTINCREASE 0 FREELISTS 1 FREELIST GROUPS 1 BUFFER_POOL DEFAULT FLASH_CACHE DEFAULT CELL_FLASH_CACHE DEFAULT)
  TABLESPACE "SYSTEM"  ENABLE;
  ALTER TABLE "GABY"."MEASURES" MODIFY ("ID" NOT NULL ENABLE);
--------------------------------------------------------
--  Constraints for Table PRODUCTS
--------------------------------------------------------

  ALTER TABLE "GABY"."PRODUCTS" ADD CONSTRAINT "PRODUCTS_PK" PRIMARY KEY ("ID")
  USING INDEX PCTFREE 10 INITRANS 2 MAXTRANS 255 
  STORAGE(INITIAL 65536 NEXT 1048576 MINEXTENTS 1 MAXEXTENTS 2147483645
  PCTINCREASE 0 FREELISTS 1 FREELIST GROUPS 1 BUFFER_POOL DEFAULT FLASH_CACHE DEFAULT CELL_FLASH_CACHE DEFAULT)
  TABLESPACE "SYSTEM"  ENABLE;
  ALTER TABLE "GABY"."PRODUCTS" MODIFY ("ID" NOT NULL ENABLE);
--------------------------------------------------------
--  Constraints for Table PRICES
--------------------------------------------------------

  ALTER TABLE "GABY"."PRICES" ADD CONSTRAINT "PRICES_PK" PRIMARY KEY ("SUPERMARKET_ID", "PRODUCT_ID")
  USING INDEX PCTFREE 10 INITRANS 2 MAXTRANS 255 
  STORAGE(INITIAL 65536 NEXT 1048576 MINEXTENTS 1 MAXEXTENTS 2147483645
  PCTINCREASE 0 FREELISTS 1 FREELIST GROUPS 1 BUFFER_POOL DEFAULT FLASH_CACHE DEFAULT CELL_FLASH_CACHE DEFAULT)
  TABLESPACE "SYSTEM"  ENABLE;
  ALTER TABLE "GABY"."PRICES" MODIFY ("PRODUCT_ID" NOT NULL ENABLE);
  ALTER TABLE "GABY"."PRICES" MODIFY ("SUPERMARKET_ID" NOT NULL ENABLE);
--------------------------------------------------------
--  Constraints for Table VENDORS
--------------------------------------------------------

  ALTER TABLE "GABY"."VENDORS" ADD CONSTRAINT "VENDORS_PK" PRIMARY KEY ("ID")
  USING INDEX PCTFREE 10 INITRANS 2 MAXTRANS 255 
  STORAGE(INITIAL 65536 NEXT 1048576 MINEXTENTS 1 MAXEXTENTS 2147483645
  PCTINCREASE 0 FREELISTS 1 FREELIST GROUPS 1 BUFFER_POOL DEFAULT FLASH_CACHE DEFAULT CELL_FLASH_CACHE DEFAULT)
  TABLESPACE "SYSTEM"  ENABLE;
  ALTER TABLE "GABY"."VENDORS" MODIFY ("ID" NOT NULL ENABLE);
--------------------------------------------------------
--  Ref Constraints for Table PRICES
--------------------------------------------------------

  ALTER TABLE "GABY"."PRICES" ADD CONSTRAINT "FK_PRICES_PRODUCTS_PRODUCTID" FOREIGN KEY ("PRODUCT_ID")
	  REFERENCES "GABY"."PRODUCTS" ("ID") ENABLE;
  ALTER TABLE "GABY"."PRICES" ADD CONSTRAINT "FK_PRICES_SUPERMARKETS" FOREIGN KEY ("SUPERMARKET_ID")
	  REFERENCES "GABY"."SUPERMARKETS" ("ID") ENABLE;
--------------------------------------------------------
--  Ref Constraints for Table PRODUCTS
--------------------------------------------------------

  ALTER TABLE "GABY"."PRODUCTS" ADD CONSTRAINT "FK_PRODUCTS_MEASURES_MEASUREID" FOREIGN KEY ("MEASURE_ID")
	  REFERENCES "GABY"."MEASURES" ("ID") ENABLE;
  ALTER TABLE "GABY"."PRODUCTS" ADD CONSTRAINT "FK_PRODUCTS_VENDORS_VENDORID" FOREIGN KEY ("VENDOR_ID")
	  REFERENCES "GABY"."VENDORS" ("ID") ENABLE;
